phase,Accuracy,Precision,Recall_(Sensitivity/TPR),F1-Score,Specificity_(TNR),ROC-AUC,PR-AUC,LogLoss,MCC,AG_roc_auc
train,0.680921052631579,0.5625,0.09090909090909091,0.1565217391304348,0.9658536585365853,0.7051490514905149,0.5007367849024243,0.6002264689818617,0.11912467150602796,0.7051490514905149
validation,0.6818181818181818,0.0,0.0,0.0,1.0,0.7999999999999999,0.65211453487851,0.5665217561227224,0.0,0.8
test,0.6666666666666666,0.4,0.07142857142857142,0.12121212121212122,0.9491525423728814,0.6077481840193705,0.45293165721805684,0.6362160819552612,0.04131254664583602,0.6077481840193706
