phase,Accuracy,Precision,Recall_(Sensitivity/TPR),F1-Score,Specificity_(TNR),ROC-AUC,PR-AUC,LogLoss,MCC
train,0.8256578947368421,0.7446808510638298,0.7070707070707071,0.7253886010362695,0.8829268292682927,0.8588322246858833,0.8267002426942379,0.399393801875704,0.5982340823040352
validation,0.8181818181818182,0.75,0.6428571428571429,0.6923076923076923,0.9,0.7452380952380953,0.7061052007009699,0.5493662337427134,0.567733589433837
test,0.7931034482758621,0.7272727272727273,0.5714285714285714,0.64,0.8983050847457628,0.736682808716707,0.7408578385774937,0.4399435255628123,0.5048805973854432
