phase,Accuracy,Precision,Recall_(Sensitivity/TPR),F1-Score,Specificity_(TNR),ROC-AUC,PR-AUC,LogLoss,MCC,AG_roc_auc
train,0.6776315789473685,0.5294117647058824,0.09090909090909091,0.15517241379310345,0.9609756097560975,0.6964523281596452,0.48431398142686755,0.6029520817734918,0.10582016498363657,0.6964523281596453
validation,0.6818181818181818,0.0,0.0,0.0,1.0,0.8142857142857143,0.7155408083979513,0.5588607528857596,0.0,0.8142857142857143
test,0.5287356321839081,0.35555555555555557,0.5714285714285714,0.4383561643835616,0.5084745762711864,0.614406779661017,0.4732747293335728,0.6304462346593929,0.07470299391366873,0.614406779661017
