phase,Accuracy,Precision,Recall_(Sensitivity/TPR),F1-Score,Specificity_(TNR),ROC-AUC,PR-AUC,LogLoss,MCC
train,0.8289473684210527,0.8983050847457628,0.5353535353535354,0.6708860759493671,0.9707317073170731,0.8646218280364621,0.8329148587317025,0.3987499227598488,0.5996656238495162
validation,0.7954545454545454,0.7777777777777778,0.5,0.6086956521739131,0.9333333333333333,0.75,0.7077444927814386,0.563984239143813,0.5003702332976756
test,0.8505747126436781,1.0,0.5357142857142857,0.6976744186046512,1.0,0.7306295399515739,0.7356544249562359,0.460119461554764,0.6625617671116371
