phase,Accuracy,Precision,Recall_(Sensitivity/TPR),F1-Score,Specificity_(TNR),ROC-AUC,PR-AUC,LogLoss,MCC
train,0.7960526315789473,0.6554621848739496,0.7878787878787878,0.7155963302752294,0.8,0.8562453806356246,0.8228235568131342,0.4002700701171695,0.5644467450627142
validation,0.7954545454545454,0.6923076923076923,0.6428571428571429,0.6666666666666666,0.8666666666666667,0.7452380952380953,0.7061052007009699,0.548342475679393,0.5201595843071992
test,0.7586206896551724,0.6296296296296297,0.6071428571428571,0.6181818181818182,0.8305084745762712,0.7403147699757868,0.7431775158884036,0.4370190610612121,0.4419526766695601
