phase,Accuracy,Precision,Recall_(Sensitivity/TPR),F1-Score,Specificity_(TNR),ROC-AUC,PR-AUC,LogLoss,MCC,AG_roc_auc
train,0.8092105263157895,0.8727272727272727,0.48484848484848486,0.6233766233766234,0.9658536585365853,0.8678984971667898,0.7807422682937163,0.4388082471406899,0.5486597900424605,0.8678984971667898
validation,0.75,1.0,0.21428571428571427,0.35294117647058826,1.0,0.7547619047619047,0.6396805915348595,0.5479576040530217,0.39597275801134096,0.7547619047619047
test,0.6551724137931034,0.4166666666666667,0.17857142857142858,0.25,0.8813559322033898,0.6815980629539952,0.48135685494341346,0.6122815163067283,0.08119119216534527,0.6815980629539953
