phase,Accuracy,Precision,Recall_(Sensitivity/TPR),F1-Score,Specificity_(TNR),ROC-AUC,PR-AUC,LogLoss,MCC,AG_roc_auc
train,0.6710526315789473,0.0,0.0,0.0,0.9951219512195122,0.5610495195861049,0.3660513382583029,1.1425508736111134,-0.039922649190368156,0.5610495195861049
validation,0.6818181818181818,0.0,0.0,0.0,1.0,0.7261904761904763,0.49025765980186875,1.0493490393763918,0.0,0.7261904761904762
test,0.6781609195402298,0.5,0.03571428571428571,0.06666666666666667,0.9830508474576272,0.4936440677966102,0.31395055967540547,1.170203095981772,0.05849681380610791,0.4936440677966102
