{
  "train": {
    "Accuracy": 0.6743421052631579,
    "Precision": 0.0,
    "Recall_(Sensitivity/TPR)": 0.0,
    "F1-Score": 0.0,
    "Specificity_(TNR)": 1.0,
    "ROC-AUC": 0.6369056417836907,
    "PR-AUC": 0.45263990723327097,
    "LogLoss": 0.7968054809451106,
    "MCC": 0.0,
    "AG_roc_auc": 0.6369056417836906
  },
  "val": {
    "Accuracy": 0.6818181818181818,
    "Precision": 0.0,
    "Recall_(Sensitivity/TPR)": 0.0,
    "F1-Score": 0.0,
    "Specificity_(TNR)": 1.0,
    "ROC-AUC": 0.7452380952380953,
    "PR-AUC": 0.5750601819139893,
    "LogLoss": 0.7681759006994299,
    "MCC": 0.0,
    "AG_roc_auc": 0.7452380952380953
  },
  "test": {
    "Accuracy": 0.6781609195402298,
    "Precision": 0.0,
    "Recall_(Sensitivity/TPR)": 0.0,
    "F1-Score": 0.0,
    "Specificity_(TNR)": 1.0,
    "ROC-AUC": 0.6295399515738499,
    "PR-AUC": 0.4808856604735908,
    "LogLoss": 0.7847363432070809,
    "MCC": 0.0,
    "AG_roc_auc": 0.6295399515738499
  },
  "ag_eval": {
    "train": {
      "roc_auc": 0.6369056417836906
    },
    "val": {
      "roc_auc": 0.7452380952380953
    },
    "test": {
      "roc_auc": 0.6295399515738499
    }
  },
  "fit_summary": {
    "val_roc_auc": 0.4928571581840515,
    "training_time": 651.3938128948212
  },
  "problem_type": "binary",
  "predictor_path": "/share/lab_goecks/paulo/head_and_neck/Multimodal_learner_Use_case/experiments/AutogluonModels/ag-20250921_180012",
  "threshold": null,
  "threshold_test": null,
  "presets": null,
  "eval_metric": "roc_auc"
}