{
  "train": {
    "Accuracy": 0.7203947368421053,
    "Precision": 0.85,
    "Recall_(Sensitivity/TPR)": 0.1717171717171717,
    "F1-Score": 0.2857142857142857,
    "Specificity_(TNR)": 0.9853658536585366,
    "ROC-AUC": 0.7793298842079329,
    "PR-AUC": 0.6710078648056916,
    "LogLoss": 0.539986899298562,
    "MCC": 0.29692694983503554,
    "AG_roc_auc": 0.779329884207933
  },
  "val": {
    "Accuracy": 0.7045454545454546,
    "Precision": 1.0,
    "Recall_(Sensitivity/TPR)": 0.07142857142857142,
    "F1-Score": 0.13333333333333333,
    "Specificity_(TNR)": 1.0,
    "ROC-AUC": 0.780952380952381,
    "PR-AUC": 0.587348856750763,
    "LogLoss": 0.5616918761044178,
    "MCC": 0.22323504886820386,
    "AG_roc_auc": 0.780952380952381
  },
  "test": {
    "Accuracy": 0.7011494252873564,
    "Precision": 1.0,
    "Recall_(Sensitivity/TPR)": 0.07142857142857142,
    "F1-Score": 0.13333333333333333,
    "Specificity_(TNR)": 1.0,
    "ROC-AUC": 0.664043583535109,
    "PR-AUC": 0.5009611856760368,
    "LogLoss": 0.6037872636115906,
    "MCC": 0.22266529126195916,
    "AG_roc_auc": 0.664043583535109
  },
  "ag_eval": {
    "train": {
      "roc_auc": 0.779329884207933
    },
    "val": {
      "roc_auc": 0.780952380952381
    },
    "test": {
      "roc_auc": 0.664043583535109
    }
  },
  "fit_summary": {
    "val_roc_auc": 0.5452380776405334,
    "training_time": 648.7311379909515
  },
  "problem_type": "binary",
  "predictor_path": "/share/lab_goecks/paulo/head_and_neck/Multimodal_learner_Use_case/experiments/AutogluonModels/ag-20250922_014749",
  "threshold": null,
  "threshold_test": null,
  "presets": null,
  "eval_metric": "roc_auc"
}