phase,Accuracy,Precision,Recall_(Sensitivity/TPR),F1-Score,Specificity_(TNR),ROC-AUC,PR-AUC,LogLoss,MCC,AG_roc_auc
train,0.7203947368421053,0.85,0.1717171717171717,0.2857142857142857,0.9853658536585366,0.7793298842079329,0.6710078648056916,0.539986899298562,0.29692694983503554,0.779329884207933
validation,0.7045454545454546,1.0,0.07142857142857142,0.13333333333333333,1.0,0.780952380952381,0.587348856750763,0.5616918761044178,0.22323504886820386,0.780952380952381
test,0.7011494252873564,1.0,0.07142857142857142,0.13333333333333333,1.0,0.664043583535109,0.5009611856760368,0.6037872636115906,0.22266529126195916,0.664043583535109
