{
  "train": {
    "Accuracy": 0.6776315789473685,
    "Precision": 0.5294117647058824,
    "Recall_(Sensitivity/TPR)": 0.09090909090909091,
    "F1-Score": 0.15517241379310345,
    "Specificity_(TNR)": 0.9609756097560975,
    "ROC-AUC": 0.6964523281596452,
    "PR-AUC": 0.48431398142686755,
    "LogLoss": 0.6029520817734918,
    "MCC": 0.10582016498363657,
    "AG_roc_auc": 0.6964523281596453
  },
  "val": {
    "Accuracy": 0.6818181818181818,
    "Precision": 0.0,
    "Recall_(Sensitivity/TPR)": 0.0,
    "F1-Score": 0.0,
    "Specificity_(TNR)": 1.0,
    "ROC-AUC": 0.8142857142857143,
    "PR-AUC": 0.7155408083979513,
    "LogLoss": 0.5588607528857596,
    "MCC": 0.0,
    "AG_roc_auc": 0.8142857142857143
  },
  "test": {
    "Accuracy": 0.5287356321839081,
    "Precision": 0.35555555555555557,
    "Recall_(Sensitivity/TPR)": 0.5714285714285714,
    "F1-Score": 0.4383561643835616,
    "Specificity_(TNR)": 0.5084745762711864,
    "ROC-AUC": 0.614406779661017,
    "PR-AUC": 0.4732747293335728,
    "LogLoss": 0.6304462346593929,
    "MCC": 0.07470299391366873,
    "AG_roc_auc": 0.614406779661017
  },
  "ag_eval": {
    "train": {
      "roc_auc": 0.6964523281596453
    },
    "val": {
      "roc_auc": 0.8142857142857143
    },
    "test": {
      "roc_auc": 0.614406779661017
    }
  },
  "fit_summary": {
    "val_roc_auc": 0.6571428775787354,
    "training_time": 1271.3303260803223
  },
  "problem_type": "binary",
  "predictor_path": "/share/lab_goecks/paulo/head_and_neck/Multimodal_learner_Use_case/experiments/AutogluonModels/ag-20250920_010543",
  "threshold": 0.21,
  "threshold_test": 0.21,
  "presets": null,
  "eval_metric": "roc_auc"
}