{
  "train": {
    "Accuracy": 0.7960526315789473,
    "Precision": 0.6554621848739496,
    "Recall_(Sensitivity/TPR)": 0.7878787878787878,
    "F1-Score": 0.7155963302752294,
    "Specificity_(TNR)": 0.8,
    "ROC-AUC": 0.8562453806356246,
    "PR-AUC": 0.8228235568131342,
    "LogLoss": 0.4002700701171695,
    "MCC": 0.5644467450627142
  },
  "val": {
    "Accuracy": 0.7954545454545454,
    "Precision": 0.6923076923076923,
    "Recall_(Sensitivity/TPR)": 0.6428571428571429,
    "F1-Score": 0.6666666666666666,
    "Specificity_(TNR)": 0.8666666666666667,
    "ROC-AUC": 0.7452380952380953,
    "PR-AUC": 0.7061052007009699,
    "LogLoss": 0.548342475679393,
    "MCC": 0.5201595843071992
  },
  "test": {
    "Accuracy": 0.7586206896551724,
    "Precision": 0.6296296296296297,
    "Recall_(Sensitivity/TPR)": 0.6071428571428571,
    "F1-Score": 0.6181818181818182,
    "Specificity_(TNR)": 0.8305084745762712,
    "ROC-AUC": 0.7403147699757868,
    "PR-AUC": 0.7431775158884036,
    "LogLoss": 0.4370190610612121,
    "MCC": 0.4419526766695601
  },
  "fit_summary": {
    "val_roc_auc": 0.7428571581840515,
    "training_time": 422.41555523872375
  },
  "problem_type": "binary",
  "predictor_path": "/share/lab_goecks/paulo/head_and_neck/Multimodal_learner_Use_case/experiments/AutogluonModels/ag-20250916_021033",
  "threshold": 0.23
}