{
  "train": {
    "Accuracy": 0.8256578947368421,
    "Precision": 0.7446808510638298,
    "Recall_(Sensitivity/TPR)": 0.7070707070707071,
    "F1-Score": 0.7253886010362695,
    "Specificity_(TNR)": 0.8829268292682927,
    "ROC-AUC": 0.8588322246858833,
    "PR-AUC": 0.8267002426942379,
    "LogLoss": 0.399393801875704,
    "MCC": 0.5982340823040352
  },
  "val": {
    "Accuracy": 0.8181818181818182,
    "Precision": 0.75,
    "Recall_(Sensitivity/TPR)": 0.6428571428571429,
    "F1-Score": 0.6923076923076923,
    "Specificity_(TNR)": 0.9,
    "ROC-AUC": 0.7452380952380953,
    "PR-AUC": 0.7061052007009699,
    "LogLoss": 0.5493662337427134,
    "MCC": 0.567733589433837
  },
  "test": {
    "Accuracy": 0.7931034482758621,
    "Precision": 0.7272727272727273,
    "Recall_(Sensitivity/TPR)": 0.5714285714285714,
    "F1-Score": 0.64,
    "Specificity_(TNR)": 0.8983050847457628,
    "ROC-AUC": 0.736682808716707,
    "PR-AUC": 0.7408578385774937,
    "LogLoss": 0.4399435255628123,
    "MCC": 0.5048805973854432
  },
  "fit_summary": {
    "val_roc_auc": 0.7452381253242493,
    "training_time": 420.6343603134155
  },
  "problem_type": "binary",
  "predictor_path": "/share/lab_goecks/paulo/head_and_neck/Multimodal_learner_Use_case/experiments/AutogluonModels/ag-20250916_022745",
  "threshold": 0.26
}