{
  "train": {
    "Accuracy": 0.680921052631579,
    "Precision": 0.5625,
    "Recall_(Sensitivity/TPR)": 0.09090909090909091,
    "F1-Score": 0.1565217391304348,
    "Specificity_(TNR)": 0.9658536585365853,
    "ROC-AUC": 0.7051490514905149,
    "PR-AUC": 0.5007367849024243,
    "LogLoss": 0.6002264689818617,
    "MCC": 0.11912467150602796,
    "AG_roc_auc": 0.7051490514905149
  },
  "val": {
    "Accuracy": 0.6818181818181818,
    "Precision": 0.0,
    "Recall_(Sensitivity/TPR)": 0.0,
    "F1-Score": 0.0,
    "Specificity_(TNR)": 1.0,
    "ROC-AUC": 0.7999999999999999,
    "PR-AUC": 0.65211453487851,
    "LogLoss": 0.5665217561227224,
    "MCC": 0.0,
    "AG_roc_auc": 0.8
  },
  "test": {
    "Accuracy": 0.6666666666666666,
    "Precision": 0.4,
    "Recall_(Sensitivity/TPR)": 0.07142857142857142,
    "F1-Score": 0.12121212121212122,
    "Specificity_(TNR)": 0.9491525423728814,
    "ROC-AUC": 0.6077481840193705,
    "PR-AUC": 0.45293165721805684,
    "LogLoss": 0.6362160819552612,
    "MCC": 0.04131254664583602,
    "AG_roc_auc": 0.6077481840193706
  },
  "ag_eval": {
    "train": {
      "roc_auc": 0.7051490514905149
    },
    "val": {
      "roc_auc": 0.8
    },
    "test": {
      "roc_auc": 0.6077481840193706
    }
  },
  "fit_summary": {
    "val_roc_auc": 0.6619046926498413,
    "training_time": 1513.8697826862335
  },
  "problem_type": "binary",
  "predictor_path": "/share/lab_goecks/paulo/head_and_neck/Multimodal_learner_Use_case/experiments/AutogluonModels/ag-20250919_235452",
  "threshold": null,
  "threshold_test": null,
  "presets": null,
  "eval_metric": "roc_auc"
}