{
  "train": {
    "Accuracy": 0.8289473684210527,
    "Precision": 0.8983050847457628,
    "Recall_(Sensitivity/TPR)": 0.5353535353535354,
    "F1-Score": 0.6708860759493671,
    "Specificity_(TNR)": 0.9707317073170731,
    "ROC-AUC": 0.8646218280364621,
    "PR-AUC": 0.8329148587317025,
    "LogLoss": 0.3987499227598488,
    "MCC": 0.5996656238495162
  },
  "val": {
    "Accuracy": 0.7954545454545454,
    "Precision": 0.7777777777777778,
    "Recall_(Sensitivity/TPR)": 0.5,
    "F1-Score": 0.6086956521739131,
    "Specificity_(TNR)": 0.9333333333333333,
    "ROC-AUC": 0.75,
    "PR-AUC": 0.7077444927814386,
    "LogLoss": 0.563984239143813,
    "MCC": 0.5003702332976756
  },
  "test": {
    "Accuracy": 0.8505747126436781,
    "Precision": 1.0,
    "Recall_(Sensitivity/TPR)": 0.5357142857142857,
    "F1-Score": 0.6976744186046512,
    "Specificity_(TNR)": 1.0,
    "ROC-AUC": 0.7306295399515739,
    "PR-AUC": 0.7356544249562359,
    "LogLoss": 0.460119461554764,
    "MCC": 0.6625617671116371
  },
  "fit_summary": {
    "val_roc_auc": 0.7428571581840515,
    "training_time": 561.0523781776428
  },
  "problem_type": "binary",
  "predictor_path": "/share/lab_goecks/paulo/head_and_neck/Multimodal_learner_Use_case/experiments/AutogluonModels/ag-20250916_015527",
  "threshold": null
}